COMPANY,BEST MATCH
TPR,TPR
CARTHAGE CEMENT,CARTHAGE CEMENT
UNIMED,UNIMED
EURO-CYCLES,EURO-CYCLES
SOTIPAPIER,SOTIPAPIER
BTE (ADP),BTE (ADP)
ESSOUKNA,ESSOUKNA
ALKIMIA,ALKIMIA
CIMENTS DE BIZERTE,CIMENTS DE BIZERTE
AETECH,AETECH
SFBT,SFBT
ATTIJARI BANK,ATTIJARI BANK
BIAT,BIAT
BT,BT
STB,STB
BNA,BNA
AMEN BANK,AMEN BANK
ATB,ATB
UIB,UIB
ARTES,ARTES
ENNAKL AUTOMOBILES,ENNAKL AUTOMOBILES
ONE TECH HOLDING,ONE TECH HOLDING
CITY CARS,CITY CARS
DELICE HOLDING,DELICE HOLDING
ATL,ATL
SOTETEL,SOTETEL
SIAME,SIAME
ATTIJARI LEASING,ATTIJARI LEASING
SOTRAPIL,SOTRAPIL
TUNIS RE,TUNIS RE
NEW BODY LINE,NEW BODY LINE
MPBS,MPBS
SMART TUNISIE,SMART TUNISIE
STA,STA
UBCI,UBCI
ASTREE,ASTREE
STAR,STAR
MONOPRIX,MONOPRIX
SIMPAR,SIMPAR
TUNINVEST-SICAR,TUNINVEST-SICAR
CIL,CIL
MAGASIN GENERAL,MAGASIN GENERAL
BH ASSURANCE,BH ASSURANCE
BH LEASING,BH LEASING
SITS,SITS
HANNIBAL LEASE,HANNIBAL LEASE
BEST LEASE,BEST LEASE
CELLCOM,CELLCOM
OFFICEPLAST,OFFICEPLAST
TUNISAIR,TUNISAIR
STIP,STIP
SIPHAT,SIPHAT
SOMOCER,SOMOCER
ASSAD,ASSAD
TELNET HOLDING,TELNET HOLDING
SOTEMAIL,SOTEMAIL
UADH,UADH
SANIMED,SANIMED
SOTUVER,SOTUVER
SOTUMAG,SOTUMAG
SPDIT - SICAF,SPDIT SICAF
AIR LIQUIDE TSIE,AIR LIQUIDE TUNISIE
ASSU MAGHREBIA VIE,MAGHREBIA VIE
TUNISIE LEASING F,TUNISIE LEASING ET FACTORING
ASSUR MAGHREBIA,ASSURANCES MAGHREBIA
WIFACK INT BANK,WIFACK INTERNATIONAL BANK
POULINA GP HOLDING,POULINA G H
LAND OR,LAND`OR
TAWASOL GP HOLDING,TAWASOL GH
SAH,SAH LILAS
PLAC. TSIE-SICAF,PLACEM. DE TUNISIE
ICF,I.C.F.
BH BANK,BH
ATELIER MEUBLE INT,SAM
